{"cameraMode":{"drawMode":0,"name":"Shaded","section":"Shading Mode"},"sceneLighting":false,"audioPlay":false,"sceneViewState":{"showFog":true,"showMaterialUpdate":false,"showSkybox":false,"showFlares":true,"showImageEffects":true,"showParticleSystems":true},"in2DMode":false,"pivot":{"x":-0.05399999022483826,"y":1.1372238397598267,"z":0.007999986410140992},"rotation":{"x":-0.08810510486364365,"y":0.890976071357727,"z":-0.19634057581424714,"w":-0.3998119533061981},"size":3.2224180698394777,"orthographic":false}