{"cameraMode":{"drawMode":0,"name":"Shaded","section":"Shading Mode"},"sceneLighting":false,"audioPlay":false,"sceneViewState":{"showFog":true,"showMaterialUpdate":false,"showSkybox":false,"showFlares":true,"showImageEffects":true,"showParticleSystems":true},"in2DMode":false,"pivot":{"x":-4.3085222244262699,"y":24.29450225830078,"z":3.81219482421875},"rotation":{"x":-0.10420463234186173,"y":0.008950849063694477,"z":-0.0009378651739098132,"w":-0.9945151805877686},"size":0.14289382100105287,"orthographic":false}