{"cameraMode":{"drawMode":0,"name":"Shaded","section":"Shading Mode"},"sceneLighting":false,"audioPlay":false,"sceneViewState":{"showFog":true,"showMaterialUpdate":false,"showSkybox":false,"showFlares":true,"showImageEffects":true,"showParticleSystems":true},"in2DMode":false,"pivot":{"x":-0.05399999022483826,"y":1.1197762489318848,"z":0.007999986410140992},"rotation":{"x":-0.6325080394744873,"y":-0.01277840044349432,"z":0.010437333025038243,"w":-0.7743780612945557},"size":3.1685492992401125,"orthographic":false}