{"cameraMode":{"drawMode":0,"name":"Shaded","section":"Shading Mode"},"sceneLighting":false,"audioPlay":false,"sceneViewState":{"showFog":true,"showMaterialUpdate":false,"showSkybox":false,"showFlares":true,"showImageEffects":true,"showParticleSystems":true},"in2DMode":false,"pivot":{"x":1.6066479682922364,"y":1.0311397314071656,"z":1.2674665451049805},"rotation":{"x":-0.1339118927717209,"y":-0.03418435528874397,"z":0.004620992578566074,"w":-0.9903927445411682},"size":4.443805694580078,"orthographic":false}